n,HV,maize,blue,average,theta_1
1,5,3.85,3.8,3.825,0.070365097
2,4.5,4,4.1,4.05,0.074444974
3,4,4.2,4.3,4.25,0.078063183
4,3.5,4.35,4.55,4.45,0.081673168
5,3,4.8,4.95,4.875,0.089315503
6,2.5,5.45,5.4,5.425,0.099142857
7,2,6,6.3,6.15,0.111978397
